コンタクトフォーム,is_block,feedback_date,feedback_ip,1_Name,5_Date,6_BenchPress,7_Squat
Crushers_Training,1,2020-03-04T13:13:06+09:00,219.124.144.247,Tsubasa,4,100-10,120-8
Crushers_Training,1,2020-03-04T13:14:39+09:00,219.124.144.247,Tsubasa,5,100-10,120-8
Crushers_Training,1,2020-03-04T13:18:26+09:00,219.124.144.247,Tsubasa,3,100-8,120-8
Crushers_Training,1,2020-03-04T13:39:55+09:00,219.124.144.247,Tsubasa,1,,
Crushers_Training,1,2020-03-04T13:40:06+09:00,219.124.144.247,Ts,2,,
Crushers_Training,1,2020-03-04T13:40:17+09:00,219.124.144.247,Tsubasa,3,,
Crushers_Training,1,2020-03-04T13:40:28+09:00,219.124.144.247,Tsu,4,,
Crushers_Training,1,2020-03-04T13:40:38+09:00,219.124.144.247,Tsubasa,5,,
Crushers_Training,1,2020-03-04T13:40:49+09:00,219.124.144.247,Tsubasa,7,,
Crushers_Training,1,2020-03-04T13:41:00+09:00,219.124.144.247,Tsu,8,,
Crushers_Training,1,2020-03-04T13:41:08+09:00,219.124.144.247,Tsubasa,9,,
Crushers_Training,1,2020-03-04T13:41:17+09:00,219.124.144.247,Tsu,10,,
